Time,X_robot_solver,Y_robot_solver,X_solver_robot,Y_solver_robot,X_robot_obs,Y_robot_obs,X_obs_robot,Y_obs_robot,X_dot,Y_dot
1688167129.9375684,,,,,,,,,0.0,0.0
1688167129.9709048,,,,,,,,,0.0,0.0
1688167130.004209,,,,,,,,,0.0,0.0
1688167130.0375628,,,,,,,,,0.0,0.0
1688167130.0709128,,,,,,,,,0.0,0.0
1688167130.1042492,,,,,,,,,0.0,0.0
1688167130.1375527,,,,,,,,,0.0,0.0
1688167130.1708949,,,,,,,,,0.0,0.0
1688167130.2042756,,,,,,,,,0.0,0.0
1688167130.2376468,,,,,,,,,0.0,0.0
1688167130.270928,,,,,,,,,0.0,0.0
1688167130.304258,,,,,,,,,0.0,0.0
1688167130.3375475,,,,,,,,,0.0,0.0
1688167130.3709028,,,,,,,,,0.0,0.0
1688167130.4043047,,,,,,,,,0.0,0.0
1688167130.4376147,,,,,,,,,0.0,0.0
1688167130.4708872,,,,,,,,,0.0,0.0
1688167130.5042207,,,,,,,,,0.0,0.0
1688167130.5376139,,,,,,,,,0.0,0.0
1688167130.5709019,,,,,,,,,0.0,0.0
1688167130.6043139,,,,,,,,,0.0,0.0
1688167130.6376066,,,,,,,,,0.0,0.0
1688167130.6709483,,,,,,,,,0.0,0.0
1688167130.7042599,,,,,,,,,0.0,0.0
1688167130.737593,,,,,,,,,0.0,0.0
1688167130.7709296,,,,,,,,,0.0,0.0
1688167130.804391,,,,,,,,,0.0,0.0
1688167130.8375478,,,,,,,,,0.0,0.0
1688167130.8709872,,,,,,,,,0.0,0.0
1688167130.904229,,,,,,,,,0.0,0.0
1688167130.9375634,,,,,,,,,0.0,0.0
1688167130.97089,,,,,,,,,0.0,0.0
1688167131.0043113,,,,,,,,,0.0,0.0
1688167131.0375524,,,,,,,,,0.0,0.0
1688167131.0708876,,,,,,,,,0.0,0.0
1688167131.104268,,,,,,,,,0.0,0.0
1688167131.1375844,,,,,,,,,0.0,0.0
1688167131.1708846,,,,,,,,,0.0,0.0
1688167131.204326,,,,,,,,,0.0,0.0
1688167131.2375586,,,,,,,,,0.0,0.0
1688167131.2709143,,,,,,,,,0.0,0.0
1688167131.3042464,,,,,,,,,0.0,0.0
1688167131.3375595,,,,,,,,,0.0,0.0
1688167131.3709555,,,,,,,,,0.0,0.0
1688167131.4043097,,,,,,,,,0.0,0.0
1688167131.4375553,,,,,,,,,0.0,0.0
1688167131.4708884,,,,,,,,,0.0,0.0
1688167131.5042152,,,,,,,,,0.0,0.0
1688167131.5375507,,,,,,,,,0.0,0.0
1688167131.570885,,,,,,,,,0.0,0.0
1688167131.6042173,,,,,,,,,0.0,0.0
1688167131.6376035,,,,,,,,,0.0,0.0
1688167131.6709492,,,,,,,,,0.0,0.0
1688167131.7042787,,,,,,,,,0.0,0.0
1688167131.7375505,,,,,,,,,0.0,0.0
1688167131.7708778,,,,,,,,,0.0,0.0
1688167131.804214,,,,,,,,,0.0,0.0
1688167131.83755,,,,,,,,,0.0,0.0
1688167131.870891,,,,,,,,,0.0,0.0
1688167131.9042807,,,,,,,,,0.0,0.0
1688167131.9375484,,,,,,,,,0.0,0.0
1688167131.9709625,,,,,,,,,0.0,0.0
1688167132.0042186,,,,,,,,,0.0,0.0
1688167132.0375965,,,,,,,,,0.0,0.0
1688167132.0709345,,,,,,,,,0.0,0.0
1688167132.1042817,,,,,,,,,0.0,0.0
1688167132.137548,,,,,,,,,0.0,0.0
1688167132.1709254,,,,,,,,,0.0,0.0
1688167132.2042155,,,,,,,,,0.0,0.0
1688167132.2375965,,,,,,,,,0.0,0.0
1688167132.2709281,,,,,,,,,0.0,0.0
1688167132.304255,,,,,,,,,0.0,0.0
1688167132.3376682,,,,,,,,,0.0,0.0
1688167132.3709686,,,,,,,,,0.0,0.0
1688167132.4042184,,,,,,,,,0.0,0.0
1688167132.4375465,,,,,,,,,0.0,0.0
1688167132.4709265,,,,,,,,,0.0,0.0
1688167132.5042882,,,,,,,,,0.0,0.0
1688167132.5376134,,,,,,,,,0.0,0.0
1688167132.5708873,,,,,,,,,0.0,0.0
1688167132.6042504,,,,,,,,,0.0,0.0
1688167132.6375349,,,,,,,,,0.0,0.0
1688167132.670885,,,,,,,,,0.0,0.0
1688167132.7042825,,,,,,,,,0.0,0.0
1688167132.7375517,,,,,,,,,0.0,0.0
1688167132.770947,,,,,,,,,0.0,0.0
1688167132.8042715,,,,,,,,,0.0,0.0
1688167132.8375547,,,,,,,,,0.0,0.0
1688167132.8708827,,,,,,,,,0.0,0.0
1688167132.904324,,,,,,,,,0.0,0.0
1688167132.9376085,,,,,,,,,0.0,0.0
1688167132.970964,,,,,,,,,0.0,0.0
1688167133.0042603,,,,,,,,,0.0,0.0
1688167133.0375552,,,,,,,,,0.0,0.0
1688167133.0708814,,,,,,,,,0.0,0.0
1688167133.1042428,,,,,,,,,0.0,0.0
1688167133.1375515,,,,,,,,,0.0,0.0
1688167133.1709511,,,,,,,,,0.0,0.0
1688167133.2042532,,,,,,,,,0.0,0.0
1688167133.2375562,,,,,,,,,0.0,0.0
1688167133.2708724,,,,,,,,,0.0,0.0
1688167133.3042853,,,,,,,,,0.0,0.0
1688167133.3376193,,,,,,,,,0.0,0.0
1688167133.3708851,,,,,,,,,0.0,0.0
1688167133.4042678,,,,,,,,,0.0,0.0
1688167133.4375598,,,,,,,,,0.0,0.0
1688167133.470905,,,,,,,,,0.0,0.0
1688167133.504295,,,,,,,,,0.0,0.0
1688167133.5375562,,,,,,,,,0.0,0.0
1688167133.5709007,,,,,,,,,0.0,0.0
1688167133.6042845,,,,,,,,,0.0,0.0
1688167133.6375513,,,,,,,,,0.0,0.0
1688167133.6709332,,,,,,,,,0.0,0.0
1688167133.7042956,,,,,,,,,0.0,0.0
1688167133.737549,,,,,,,,,0.0,0.0
1688167133.7708855,,,,,,,,,0.0,0.0
1688167133.8042767,,,,,,,,,0.0,0.0
1688167133.8376083,,,,,,,,,0.0,0.0
1688167133.870944,,,,,,,,,0.0,0.0
1688167133.9042225,,,,,,,,,0.0,0.0
1688167133.9376192,,,,,,,,,0.0,0.0
1688167133.970942,,,,,,,,,0.0,0.0
1688167134.0042188,,,,,,,,,0.0,0.0
1688167134.037598,,,,,,,,,0.0,0.0
1688167134.0709622,,,,,,,,,0.0,0.0
1688167134.104244,,,,,,,,,0.0,0.0
1688167134.1375778,,,,,,,,,0.0,0.0
1688167134.171218,,,,,,,,,0.0,0.0
1688167134.2042336,,,,,,,,,0.0,0.0
1688167134.2375517,,,,,,,,,0.0,0.0
1688167134.2708838,,,,,,,,,0.0,0.0
1688167134.3042166,,,,,,,,,0.0,0.0
1688167134.3375537,,,,,,,,,0.0,0.0
1688167134.3709862,,,,,,,,,0.0,0.0
1688167134.4042158,,,,,,,,,0.0,0.0
1688167134.437598,,,,,,,,,0.0,0.0
1688167134.470881,,,,,,,,,0.0,0.0
1688167134.5042741,,,,,,,,,0.0,0.0
1688167134.537568,,,,,,,,,0.0,0.0
1688167134.5709143,,,,,,,,,0.0,0.0
1688167134.6042824,,,,,,,,,0.0,0.0
1688167134.6376143,,,,,,,,,0.0,0.0
1688167134.6708841,,,,,,,,,0.0,0.0
1688167134.7043087,,,,,,,,,0.0,0.0
1688167134.7375484,,,,,,,,,0.0,0.0
1688167134.7709243,,,,,,,,,0.0,0.0
1688167134.8043306,,,,,,,,,0.0,0.0
1688167134.8375998,,,,,,,,,0.0,0.0
1688167134.870918,,,,,,,,,0.0,0.0
1688167134.9042723,,,,,,,,,0.0,0.0
1688167134.9376318,,,,,,,,,0.0,0.0
1688167134.9709754,,,,,,,,,0.0,0.0
1688167135.0042865,,,,,,,,,0.0,0.0
1688167135.0375583,,,,,,,,,0.0,0.0
1688167135.0709321,,,,,,,,,0.0,0.0
1688167135.104258,,,,,,,,,0.0,0.0
1688167135.137584,,,,,,,,,0.0,0.0
1688167135.170907,,,,,,,,,0.0,0.0
1688167135.2042139,,,,,,,,,0.0,0.0
1688167135.2375352,,,,,,,,,0.0,0.0
1688167135.2709174,,,,,,,,,0.0,0.0
1688167135.304248,,,,,,,,,0.0,0.0
1688167135.3375793,,,,,,,,,0.0,0.0
1688167135.3708844,,,,,,,,,0.0,0.0
1688167135.404253,,,,,,,,,0.0,0.0
1688167135.4375489,,,,,,,,,0.0,0.0
1688167135.4708843,,,,,,,,,0.0,0.0
1688167135.504249,,,,,,,,,0.0,0.0
1688167135.5375965,,,,,,,,,0.0,0.0
1688167135.570883,,,,,,,,,0.0,0.0
1688167135.6042523,,,,,,,,,0.0,0.0
1688167135.637583,,,,,,,,,0.0,0.0
1688167135.6708806,,,,,,,,,0.0,0.0
1688167135.7042642,,,,,,,,,0.0,0.0
1688167135.737585,,,,,,,,,0.0,0.0
1688167135.7709153,,,,,,,,,0.0,0.0
1688167135.8042219,,,,,,,,,0.0,0.0
1688167135.8375795,,,,,,,,,0.0,0.0
1688167135.8709862,,,,,,,,,0.0,0.0
1688167135.9042795,,,,,,,,,0.0,0.0
1688167135.9376678,,,,,,,,,0.0,0.0
1688167135.9709194,,,,,,,,,0.0,0.0
1688167136.0042765,,,,,,,,,0.0,0.0
1688167136.0376277,,,,,,,,,0.0,0.0
1688167136.0709581,,,,,,,,,0.0,0.0
1688167136.1042159,,,,,,,,,0.0,0.0
1688167136.1375651,,,,,,,,,0.0,0.0
1688167136.1709878,,,,,,,,,0.0,0.0
1688167136.2042615,,,,,,,,,0.0,0.0
1688167136.2375944,,,,,,,,,0.0,0.0
1688167136.2709277,,,,,,,,,0.0,0.0
1688167136.3042033,,,,,,,,,0.0,0.0
1688167136.3375647,,,,,,,,,0.0,0.0
1688167136.3708875,,,,,,,,,0.0,0.0
1688167136.4042163,,,,,,,,,0.0,0.0
1688167136.4375544,,,,,,,,,0.0,0.0
1688167136.4710088,,,,,,,,,0.0,0.0
1688167136.5042589,,,,,,,,,0.0,0.0
1688167136.5375793,,,,,,,,,0.0,0.0
1688167136.5709643,,,,,,,,,0.0,0.0
1688167136.6042223,,,,,,,,,0.0,0.0
1688167136.637563,,,,,,,,,0.0,0.0
1688167136.6709938,,,,,,,,,0.0,0.0
1688167136.7043235,,,,,,,,,0.0,0.0
1688167136.7375412,,,,,,,,,0.0,0.0
1688167136.7708755,,,,,,,,,0.0,0.0
1688167136.8042083,,,,,,,,,0.0,0.0
1688167136.8375852,,,,,,,,,0.0,0.0
1688167136.8709424,,,,,,,,,0.0,0.0
1688167136.9042842,,,,,,,,,0.0,0.0
1688167136.937593,,,,,,,,,0.0,0.0
1688167136.9709127,,,,,,,,,0.0,0.0
1688167137.004286,,,,,,,,,0.0,0.0
1688167137.0375443,,,,,,,,,0.0,0.0
1688167137.070875,,,,,,,,,0.0,0.0
1688167137.1042829,,,,,,,,,0.0,0.0
1688167137.1375568,,,,,,,,,0.0,0.0
1688167137.1708672,,,,,,,,,0.0,0.0
1688167137.2042642,,,,,,,,,0.0,0.0
1688167137.2375567,,,,,,,,,0.0,0.0
1688167137.2709734,,,,,,,,,0.0,0.0
1688167137.304206,,,,,,,,,0.0,0.0
1688167137.337582,,,,,,,,,0.0,0.0
1688167137.370889,,,,,,,,,0.0,0.0
1688167137.4042158,,,,,,,,,0.0,0.0
1688167137.4375384,,,,,,,,,0.0,0.0
1688167137.4708672,,,,,,,,,0.0,0.0
1688167137.5042078,,,,,,,,,0.0,0.0
1688167137.5375862,,,,,,,,,0.0,0.0
1688167137.5708978,,,,,,,,,0.0,0.0
1688167137.6042216,,,,,,,,,0.0,0.0
1688167137.6375468,,,,,,,,,0.0,0.0
1688167137.6708736,,,,,,,,,0.0,0.0
1688167137.7042737,,,,,,,,,0.0,0.0
1688167137.7376027,,,,,,,,,0.0,0.0
1688167137.7709398,,,,,,,,,0.0,0.0
1688167137.8042107,,,,,,,,,0.0,0.0
1688167137.8376145,,,,,,,,,0.0,0.0
1688167137.8709505,,,,,,,,,0.0,0.0
1688167137.9042647,,,,,,,,,0.0,0.0
1688167137.9376054,,,,,,,,,0.0,0.0
1688167137.970886,,,,,,,,,0.0,0.0
1688167138.0042212,,,,,,,,,0.0,0.0
1688167138.037598,,,,,,,,,0.0,0.0
1688167138.0709126,,,,,,,,,0.0,0.0
1688167138.1042185,,,,,,,,,0.0,0.0
1688167138.1375484,,,,,,,,,0.0,0.0
1688167138.1708858,,,,,,,,,0.0,0.0
1688167138.20422,,,,,,,,,0.0,0.0
1688167138.237598,,,,,,,,,0.0,0.0
1688167138.27089,,,,,,,,,0.0,0.0
1688167138.3042848,,,,,,,,,0.0,0.0
1688167138.3376038,,,,,,,,,0.0,0.0
1688167138.370888,,,,,,,,,0.0,0.0
1688167138.404216,,,,,,,,,0.0,0.0
1688167138.437556,,,,,,,,,0.0,0.0
1688167138.4709404,,,,,,,,,0.0,0.0
1688167138.5042324,,,,,,,,,0.0,0.0
1688167138.537591,,,,,,,,,0.0,0.0
1688167138.5709424,,,,,,,,,0.0,0.0
1688167138.6042805,,,,,,,,,0.0,0.0
1688167138.637567,,,,,,,,,0.0,0.0
1688167138.6708846,,,,,,,,,0.0,0.0
1688167138.704216,,,,,,,,,0.0,0.0
1688167138.7376006,,,,,,,,,0.0,0.0
1688167138.7708764,,,,,,,,,0.0,0.0
1688167138.8042824,,,,,,,,,0.0,0.0
1688167138.8375535,,,,,,,,,0.0,0.0
1688167138.8708942,,,,,,,,,0.0,0.0
1688167138.9042568,,,,,,,,,0.0,0.0
1688167138.9375548,,,,,,,,,0.0,0.0
1688167138.9709926,,,,,,,,,0.0,0.0
1688167139.0042863,,,,,,,,,0.0,0.0
1688167139.0375507,,,,,,,,,0.0,0.0
1688167139.0709937,,,,,,,,,0.0,0.0
1688167139.1042151,,,,,,,,,0.0,0.0
1688167139.137556,,,,,,,,,0.0,0.0
1688167139.1708834,,,,,,,,,0.0,0.0
1688167139.2042184,,,,,,,,,0.0,0.0
1688167139.237546,,,,,,,,,0.0,0.0
1688167139.2711928,,,,,,,,,0.0,0.0
1688167139.304281,,,,,,,,,0.0,0.0
1688167139.3375716,,,,,,,,,0.0,0.0
1688167139.3709083,,,,,,,,,0.0,0.0
1688167139.4042466,,,,,,,,,0.0,0.0
1688167139.4375787,,,,,,,,,0.0,0.0
1688167139.4709256,,,,,,,,,0.0,0.0
1688167139.504249,,,,,,,,,0.0,0.0
1688167139.5375476,,,,,,,,,0.0,0.0
1688167139.570949,,,,,,,,,0.0,0.0
1688167139.604273,,,,,,,,,0.0,0.0
1688167139.6375916,,,,,,,,,0.0,0.0
1688167139.670887,,,,,,,,,0.0,0.0
1688167139.7042103,,,,,,,,,0.0,0.0
1688167139.7375917,,,,,,,,,0.0,0.0
1688167139.7709265,,,,,,,,,0.0,0.0
1688167139.8042157,,,,,,,,,0.0,0.0
1688167139.8375351,,,,,,,,,0.0,0.0
1688167139.8709283,,,,,,,,,0.0,0.0
1688167139.9042172,,,,,,,,,0.0,0.0
1688167139.937611,,,,,,,,,0.0,0.0
1688167139.9708796,,,,,,,,,0.0,0.0
1688167140.004264,,,,,,,,,0.0,0.0
1688167140.0375457,,,,,,,,,0.0,0.0
1688167140.0709317,,,,,,,,,0.0,0.0
1688167140.1042607,,,,,,,,,0.0,0.0
1688167140.1375954,,,,,,,,,0.0,0.0
1688167140.1708992,,,,,,,,,0.0,0.0
1688167140.2043004,,,,,,,,,0.0,0.0
1688167140.2375884,,,,,,,,,0.0,0.0
1688167140.2708874,,,,,,,,,0.0,0.0
1688167140.3042662,,,,,,,,,0.0,0.0
1688167140.337594,,,,,,,,,0.0,0.0
1688167140.3708806,,,,,,,,,0.0,0.0
1688167140.404258,,,,,,,,,0.0,0.0
1688167140.437602,,,,,,,,,0.0,0.0
1688167140.4709141,,,,,,,,,0.0,0.0
1688167140.5042522,,,,,,,,,0.0,0.0
1688167140.5375881,,,,,,,,,0.0,0.0
1688167140.570885,,,,,,,,,0.0,0.0
1688167140.6042492,,,,,,,,,0.0,0.0
1688167140.6375937,,,,,,,,,0.0,0.0
1688167140.6709127,,,,,,,,,0.0,0.0
1688167140.7042663,,,,,,,,,0.0,0.0
1688167140.7375636,,,,,,,,,0.0,0.0
1688167140.7709262,,,,,,,,,0.0,0.0
1688167140.8042219,,,,,,,,,0.0,0.0
1688167140.8375936,,,,,,,,,0.0,0.0
1688167140.8709266,,,,,,,,,0.0,0.0
1688167140.904256,,,,,,,,,0.0,0.0
1688167140.9375942,,,,,,,,,0.0,0.0
1688167140.9709268,,,,,,,,,0.0,0.0
1688167141.0042624,,,,,,,,,0.0,0.0
1688167141.037597,,,,,,,,,0.0,0.0
1688167141.0709212,,,,,,,,,0.0,0.0
1688167141.1042888,,,,,,,,,0.0,0.0
1688167141.1376019,,,,,,,,,0.0,0.0
1688167141.1709132,,,,,,,,,0.0,0.0
1688167141.2042189,,,,,,,,,0.0,0.0
1688167141.237581,,,,,,,,,0.0,0.0
1688167141.2708786,,,,,,,,,0.0,0.0
1688167141.3042114,,,,,,,,,0.0,0.0
1688167141.3375459,,,,,,,,,0.0,0.0
1688167141.3708782,,,,,,,,,0.0,0.0
1688167141.4042115,,,,,,,,,0.0,0.0
1688167141.4375348,,,,,,,,,0.0,0.0
1688167141.4708848,,,,,,,,,0.0,0.0
1688167141.5042164,,,,,,,,,0.0,0.0
1688167141.5375519,,,,,,,,,0.0,0.0
1688167141.5709243,,,,,,,,,0.0,0.0
1688167141.604216,,,,,,,,,0.0,0.0
1688167141.637547,,,,,,,,,0.0,0.0
1688167141.6708887,,,,,,,,,0.0,0.0
1688167141.7042453,,,,,,,,,0.0,0.0
1688167141.7375796,,,,,,,,,0.0,0.0
1688167141.7708929,,,,,,,,,0.0,0.0
1688167141.804304,,,,,,,,,0.0,0.0
1688167141.8375683,,,,,,,,,0.0,0.0
1688167141.8709092,,,,,,,,,0.0,0.0
1688167141.9042656,,,,,,,,,0.0,0.0
1688167141.9375944,,,,,,,,,0.0,0.0
1688167141.9709136,,,,,,,,,0.0,0.0
1688167142.0042672,,,,,,,,,0.0,0.0
1688167142.037533,,,,,,,,,0.0,0.0
1688167142.0709474,,,,,,,,,0.0,0.0
1688167142.1042197,,,,,,,,,0.0,0.0
1688167142.1375635,,,,,,,,,0.0,0.0
1688167142.1709433,,,,,,,,,0.0,0.0
1688167142.2042215,,,,,,,,,0.0,0.0
1688167142.2375963,,,,,,,,,0.0,0.0
1688167142.2708728,,,,,,,,,0.0,0.0
1688167142.3042483,,,,,,,,,0.0,0.0
1688167142.3376005,,,,,,,,,0.0,0.0
1688167142.3709202,,,,,,,,,0.0,0.0
1688167142.4042625,,,,,,,,,0.0,0.0
1688167142.4376562,,,,,,,,,0.0,0.0
1688167142.4708807,,,,,,,,,0.0,0.0
1688167142.5042634,,,,,,,,,0.0,0.0
1688167142.537608,,,,,,,,,0.0,0.0
1688167142.5709014,,,,,,,,,0.0,0.0
1688167142.604207,,,,,,,,,0.0,0.0
1688167142.6376789,,,,,,,,,0.0,0.0
1688167142.6709676,,,,,,,,,0.0,0.0
1688167142.70423,,,,,,,,,0.0,0.0
1688167142.7375865,,,,,,,,,0.0,0.0
1688167142.7709491,,,,,,,,,0.0,0.0
1688167142.8042593,,,,,,,,,0.0,0.0
1688167142.837575,,,,,,,,,0.0,0.0
1688167142.8709567,,,,,,,,,0.0,0.0
1688167142.9042478,,,,,,,,,0.0,0.0
1688167142.9375846,,,,,,,,,0.0,0.0
1688167142.9709613,,,,,,,,,0.0,0.0
1688167143.004323,,,,,,,,,0.0,0.0
1688167143.037646,,,,,,,,,0.0,0.0
1688167143.0709448,,,,,,,,,0.0,0.0
1688167143.104257,,,,,,,,,0.0,0.0
1688167143.1376076,,,,,,,,,0.0,0.0
1688167143.1708775,,,,,,,,,0.0,0.0
1688167143.2042577,,,,,,,,,0.0,0.0
1688167143.2375603,,,,,,,,,0.0,0.0
1688167143.270903,,,,,,,,,0.0,0.0
1688167143.3042595,,,,,,,,,0.0,0.0
1688167143.3375924,,,,,,,,,0.0,0.0
1688167143.370882,,,,,,,,,0.0,0.0
1688167143.4042082,,,,,,,,,0.0,0.0
1688167143.4375494,,,,,,,,,0.0,0.0
1688167143.470975,,,,,,,,,0.0,0.0
1688167143.5042274,,,,,,,,,0.0,0.0
1688167143.5376077,,,,,,,,,0.0,0.0
1688167143.5709214,,,,,,,,,0.0,0.0
1688167143.60428,,,,,,,,,0.0,0.0
1688167143.6375983,,,,,,,,,0.0,0.0
1688167143.6708796,,,,,,,,,0.0,0.0
1688167143.7042174,,,,,,,,,0.0,0.0
1688167143.7375467,,,,,,,,,0.0,0.0
1688167143.770928,,,,,,,,,0.0,0.0
1688167143.804214,,,,,,,,,0.0,0.0
1688167143.837543,,,,,,,,,0.0,0.0
1688167143.8708827,,,,,,,,,0.0,0.0
1688167143.9042795,,,,,,,,,0.0,0.0
1688167143.937604,,,,,,,,,0.0,0.0
1688167143.970926,,,,,,,,,0.0,0.0
1688167144.004281,,,,,,,,,0.0,0.0
1688167144.0375872,,,,,,,,,0.0,0.0
1688167144.0708761,,,,,,,,,0.0,0.0
1688167144.1042173,,,,,,,,,0.0,0.0
1688167144.1375725,,,,,,,,,0.0,0.0
1688167144.1708791,,,,,,,,,0.0,0.0
1688167144.2042768,,,,,,,,,0.0,0.0
1688167144.2376149,,,,,,,,,0.0,0.0
1688167144.2709486,,,,,,,,,0.0,0.0
1688167144.3042965,,,,,,,,,0.0,0.0
1688167144.3375785,,,,,,,,,0.0,0.0
1688167144.3709216,,,,,,,,,0.0,0.0
1688167144.404219,,,,,,,,,0.0,0.0
1688167144.4375463,,,,,,,,,0.0,0.0
1688167144.470887,,,,,,,,,0.0,0.0
1688167144.5042403,,,,,,,,,0.0,0.0
1688167144.5375922,,,,,,,,,0.0,0.0
1688167144.5709174,,,,,,,,,0.0,0.0
1688167144.6042116,,,,,,,,,0.0,0.0
1688167144.6376092,,,,,,,,,0.0,0.0
1688167144.670978,,,,,,,,,0.0,0.0
1688167144.7042189,,,,,,,,,0.0,0.0
1688167144.7375522,,,,,,,,,0.0,0.0
1688167144.7708929,,,,,,,,,0.0,0.0
1688167144.8042955,,,,,,,,,0.0,0.0
1688167144.8375447,,,,,,,,,0.0,0.0
1688167144.8708858,,,,,,,,,0.0,0.0
1688167144.9042149,,,,,,,,,0.0,0.0
1688167144.9375553,,,,,,,,,0.0,0.0
1688167144.970891,,,,,,,,,0.0,0.0
1688167145.0042186,,,,,,,,,0.0,0.0
1688167145.037562,,,,,,,,,0.0,0.0
1688167145.0709844,,,,,,,,,0.0,0.0
1688167145.1042175,,,,,,,,,0.0,0.0
1688167145.1375787,,,,,,,,,0.0,0.0
1688167145.170879,,,,,,,,,0.0,0.0
1688167145.2042136,,,,,,,,,0.0,0.0
1688167145.2375884,,,,,,,,,0.0,0.0
1688167145.2709482,,,,,,,,,0.0,0.0
1688167145.3042176,,,,,,,,,0.0,0.0
1688167145.3375652,,,,,,,,,0.0,0.0
1688167145.3710012,,,,,,,,,0.0,0.0
1688167145.4042163,,,,,,,,,0.0,0.0
1688167145.437551,,,,,,,,,0.0,0.0
1688167145.4709055,,,,,-1.330727944283056,0.030224299036255897,-1.0641074055157373,0.5297758466806681,0.004471847718360483,0.029413528557956686
1688167145.5042813,,,,,-1.3307380930495645,0.030223844194236182,-1.0670027578463066,0.5247073220615694,0.004601743945603811,0.030330030279276728
1688167145.537545,,,,,-1.3307136444353476,0.03022137819099313,-1.0695335636843815,0.5190442710720558,0.00478778195092533,0.03138837397810908
1688167145.5709412,,,,,-1.3307959593206502,0.03027265578100896,-1.0729365304618004,0.5121784171130681,0.005017797437431665,0.03275295070409539
1688167145.6043022,,,,,-1.3307349059964872,0.030225056696461583,-1.0759638298885394,0.5064860133572826,0.0051943736450921225,0.03393264877989468
1688167145.6376116,,,,,-1.3307188262315555,0.030219782114611543,-1.0785706047855508,0.5012377937863488,0.0053808664698907025,0.03507494767349037
1688167145.6709707,,,,,-1.3307068973692602,0.03022506193043878,-1.0813590599454919,0.4969725500928343,0.005497397747721699,0.03605672773946391
1688167145.7042112,,,,,-1.3307886438854095,0.030280432560281345,-1.0836274243636432,0.4920711135721162,0.0057067789832230395,0.03722078759661787
1688167145.7375493,,,,,-1.3307105123089276,0.03023263418160471,-1.087675942016133,0.4869664904716386,0.005800811936715903,0.0385011978239623
1688167145.7709694,,,,,-1.3307059255693432,0.03022538608383535,-1.0900636014974658,0.4828500986139867,0.005945653890649831,0.03956383396445309
1688167145.804218,,,,,-1.3307335915939575,0.030226958983580132,-1.09240701034226,0.47983235944839675,0.006014663198253923,0.040382055489193096
1688167145.8376138,,,,,-1.3307197495049585,0.030232946286927354,-1.0953347916442733,0.47678073976240326,0.006041193170505602,0.04124681775290756
1688167145.870986,,,,,-1.330719142662968,0.03022028548547273,-1.0976159333502633,0.47364677450732157,0.006121491817746641,0.042138339128420785
1688167145.9042926,,,,,-1.3307200523926785,0.03022189057478336,-1.1001835150025503,0.4703771871766215,0.006193290023512091,0.043104232563431315
1688167145.9375646,,,,,-1.3306888056742243,0.03018769142221983,-1.1022825094738016,0.46807920123702684,0.0062155229692022074,0.04379787461696584
1688167145.970881,,,,,-1.3307324373973408,0.03022543154972987,-1.1041898700154988,0.4643664433216894,0.006385518020254873,0.04494062654921926
1688167146.0042853,,,,,-1.330694647864385,0.030184582213420852,-1.1049218419934983,0.46113904105998665,0.006603153755555715,0.045923042612218225
1688167146.0376205,,,,,-1.3307027972994627,0.030195144625183967,-1.1072862570200896,0.45651464609923426,0.006827198730561529,0.04743535729524144
1688167146.0708807,,,,,-1.3307242997354458,0.030223164069566044,-1.109849862681822,0.4526266885114858,0.006974215230710039,0.048779975595564164
1688167146.1042151,,,,,-1.3307249555300045,0.03022547829587019,-1.1117430069515641,0.44881808829744124,0.007175891350325915,0.05012167512492317
1688167146.1375508,,,,,-1.3307066886924384,0.03021500453764267,-1.1140774096187205,0.44493972198728543,0.007346345001996567,0.05154655156746202
1688167146.170881,,,,,-1.3307916399573978,0.030209690853673227,-1.117313390372661,0.4409988842950007,0.007448824380096522,0.053074250042786895
1688167146.204218,,,,,-1.3307217140896161,0.03022057418319482,-1.119306684397062,0.4373351713309998,0.007636333864273818,0.0545289776552586
1688167146.2375445,,,,,-1.3307777772044638,0.030268738746252632,-1.1215215732814596,0.4341474705573247,0.007769985359071791,0.05586478405522315
1688167146.2709918,,,,,-1.3307927791533236,0.030266136171926306,-1.123816588402794,0.43113083462063584,0.00786746788247563,0.057156713181575135
1688167146.3042657,,,,,-1.3306903127224714,0.03018966674770765,-1.1258789968716132,0.4281691592808416,0.007963725710602302,0.05843008685079121
1688167146.3375444,,,,,-1.3308027267238782,0.030272087047868546,-1.1273912996329667,0.4250372158540127,0.008189403808658343,0.05986081067631992
1688167146.3709478,,,,,-1.330721608080497,0.030217311072212316,-1.1286304118926074,0.423158834312924,0.008258918000928104,0.06071063058057891
1688167146.4043941,,,,,-1.3311067965356036,0.030523439569388827,-1.1300465555790837,0.4213674294475738,0.00839837409661407,0.061691727851511724
1688167146.437554,,,,,-1.3311326534000383,0.030527384400690638,-1.1323359605895238,0.41589290631777365,0.008832710462108333,0.0643405987330686
1688167146.4709444,,,,,-1.3310532332468825,0.030483441718393733,-1.133201368407901,0.4123209888753651,0.009196780907110883,0.0661075848444548
1688167146.504276,,,,,-1.3310610792140822,0.03048274111481969,-1.13482265961255,0.40961199276332305,0.00936630545090645,0.06754264825458504
1688167146.537617,,,,,-1.3310622652061896,0.03047808519806347,-1.1364380584795863,0.4069870706949643,0.009526718348331594,0.06897294901725061
1688167146.5708873,,,,,-1.3310471936981125,0.03048535711092082,-1.1376550599261612,0.40397355557719733,0.009807907486497576,0.07064649103294046
1688167146.6043162,,,,,-1.33103840311867,0.030483719925085778,-1.1390668161598998,0.4008464534623688,0.010088287976898104,0.07244166912294699
1688167146.63765,,,,,-1.3311340199777957,0.030537009973726603,-1.141109137359213,0.3984562594665422,0.01018502080257844,0.07392443834177702
1688167146.6710002,,,,,-1.3311251235220958,0.03051960726216435,-1.1429437720594384,0.3960535748598356,0.01028880360478736,0.07540816089455747
1688167146.704274,,,,,-1.3310554484794332,0.03048431756131631,-1.1444647335473808,0.39278445684107244,0.01057892875401994,0.07744209783509964
1688167146.737565,,,,,-1.3310624004220635,0.030481628553967466,-1.1458394307634836,0.38993044927127574,0.010849725565400675,0.07929492885800266
1688167146.7709558,,,,,-1.3311196029258288,0.030445925580627642,-1.147543145081609,0.3875683460938895,0.010985521548991016,0.08087626237416247
1688167146.8042393,,,,,-1.3310321607293458,0.030443880147671187,-1.1489507046626048,0.38536641386159354,0.011126585270361759,0.08240725862610418
1688167146.8376126,,,,,-1.3310529766913242,0.03048012743234238,-1.1499388875441017,0.3832202736577437,0.011361985293482708,0.08393868987463667
1688167146.8709478,,,,,-1.3310402210205097,0.030447342420737156,-1.1513085769864206,0.38053852864253124,0.011617675995787138,0.08585965743683502
1688167146.9042206,,,,,-1.3311382582987152,0.030527114828350715,-1.1526707808019603,0.37836640743759387,0.011824054337230291,0.08754373642364778
1688167146.9375455,,,,,-1.3310563071337513,0.030477401254455166,-1.154004035792653,0.37625378815633037,0.011967045327026042,0.08913913680506025
1688167146.970934,,,,,-1.3310276744047522,0.030444205822072995,-1.1551975913834398,0.37397032782562245,0.012189718955056937,0.09090618857213385
1688167147.0042138,,,,,-1.331068437306034,0.030468150529073118,-1.1563253845308346,0.3716393586392329,0.012468293932240528,0.09279496156271669
1688167147.0375714,,,,,-1.3310630270729402,0.03047737716266824,-1.157822153725859,0.36979219888973747,0.012558017790208122,0.09435794904059243
1688167147.0709279,,,,,-1.3311476838674154,0.03052049988724509,-1.1589861144740419,0.3678736957253274,0.012761658154818443,0.09601806603059808
1688167147.1042602,,,,,-1.3310240860572344,0.03043926716014206,-1.1601322578863207,0.3661493889194166,0.012855763228507037,0.09746019689239169
1688167147.1375344,,,,,-1.331100937954818,0.03049799984681112,-1.161436258290876,0.36447165126031694,0.01298109138115967,0.09900873171045245
1688167147.1709116,,,,,-1.331093894100474,0.030489727510695064,-1.161933714211034,0.3627137730226048,0.013274473776301827,0.1005578747222347
1688167147.2042875,,,,,-1.331107377608146,0.030498445678560027,-1.1631266117700465,0.36102206150426924,0.013407745535093914,0.10213734716542641
1688167147.2375872,,,,,-1.3310641512832067,0.030486050985212343,-1.1643432813614674,0.3594274549974069,0.013494918214093947,0.10364681930639552
1688167147.2709327,,,,,-1.3311038600416616,0.03049263018229098,-1.1654808560343406,0.3577072745450272,0.013656371233151072,0.10531046685978641
1688167147.3042803,,,,,-1.3311183890044083,0.03048881418126298,-1.1666921553522827,0.3557977523291579,0.01384100548852467,0.10718704599084637
1688167147.337551,,,,,-1.3311006063208841,0.030485590583380767,-1.167636979529582,0.3543781661742375,0.013962136862532741,0.10861541817338269
1688167147.3709846,,,,,-1.3311385590417857,0.030529610562631954,-1.1684406763515007,0.3528296175556821,0.014179743343859326,0.11023096550614139
1688167147.404255,,,,,-1.3310951600206298,0.030487356171185975,-1.1690377631262685,0.3518232217057007,0.01426842519710878,0.11123643750214504
1688167147.437553,,,,,-1.3310195232923858,0.03044259071063876,-1.1696929017187763,0.3504750700028267,0.01442439578544012,0.11260603871757824
1688167147.470927,,,,,-1.3310501500147534,0.030445012177864383,-1.1702889485145829,0.3495916887961538,0.014513650228624709,0.11355438289804416
1688167147.504218,,,,,-1.3310257774402303,0.030434800310729704,-1.1715631883218582,0.3474611560944249,0.014744816080252935,0.11586413709231701
1688167147.5376046,,,,,-1.3310527300797899,0.030475320860809063,-1.172383735177004,0.3460361234554257,0.01493577587670074,0.11748995349706602
1688167147.5709393,,,,,-1.331058216337756,0.030470492334009447,-1.1730279244686246,0.3446424150614264,0.015151339614104524,0.11905074460110802
1688167147.604214,,,,,-1.331009069839181,0.03043731672600708,-1.1740784760154332,0.3433255852005363,0.015210390661865,0.12055503511176714
1688167147.6375637,,,,,-1.331038994826173,0.030444925590829452,-1.1747992246982073,0.34237900081392775,0.015289956867596249,0.1216802080143175
1688167147.6709476,,,,,-1.3311186936771637,0.030516224483815663,-1.1754991882851225,0.3414810826395496,0.015394571331784075,0.12283141251601001
1688167147.7042866,,,,,-1.3310641396802692,0.030465541880677127,-1.1759990559215872,0.3407306127297311,0.015439774486120588,0.12367945332711755
1688167147.7376094,,,,,-1.331031563461904,0.03044730407255264,-1.1768158175889032,0.33988107701443787,0.015437874494043815,0.12471092141981766
1688167147.7708807,,,,,-1.3310294664071103,0.03044421140831055,-1.177406628393761,0.3391061729579206,0.015492780616937174,0.12566413747049646
1688167147.8042188,,,,,-1.3310924648073548,0.030490304537096447,-1.17822212971743,0.3378694933136486,0.015653541767622813,0.12725250609047012
1688167147.837543,,,,,-1.3310407462530727,0.030444353102672017,-1.1788206202727125,0.33713082553198803,0.015668077144732638,0.12813959018463014
1688167147.8709085,,,,,-1.3310153097502668,0.030443954410853652,-1.1799905301868416,0.3362055262079566,0.015588288320914374,0.12936074413521345
1688167147.9042113,,,,,-1.3310407145780911,0.030472216798242135,-1.1802038270963886,0.3352142118557246,0.015841687034751955,0.13063984666315676
1688167147.9375474,,,,,-1.3310375288467557,0.030448018527746423,-1.1807106835417538,0.33456613439552274,0.015877377957209435,0.13146072584455473
1688167147.9709148,,,,,-1.3310300599803042,0.030448762588428213,-1.1812896155531158,0.3337138603672939,0.015960508706107244,0.1325856949138421
1688167148.0042534,,,,,-1.3310442673578804,0.030473918831281283,-1.1817282326543186,0.33305613709502896,0.016041485859651573,0.13349206637308694
1688167148.0375533,,,,,-1.3311210811407839,0.03052193429755251,-1.1823394859989977,0.33244395939360716,0.016081119813925966,0.13438569547008083
1688167148.0709488,,,,,-1.3310368536238817,0.03045335899759319,-1.1828020501929593,0.33169270469515344,0.01612388735842738,0.13531760325982517
1688167148.1042674,,,,,-1.3310519652115769,0.03047977532362428,-1.18331184527701,0.33090605527539824,0.016224843189172524,0.13642655945519727
1688167148.1375797,,,,,-1.3311063806440022,0.03051538993300526,-1.1838377200470123,0.3303049568729053,0.01627734388620439,0.13730996999985984
1688167148.1709259,,,,,-1.331088778926288,0.0304877314509564,-1.1840459618543306,0.3295605112572831,0.01643579188329672,0.13828970569211052
1688167148.2042181,,,,,-1.3310401947318489,0.030468946719447332,-1.1842938331057977,0.32892464340879,0.016540231655280357,0.13914870829833165
1688167148.2375443,,,,,-1.331122012587222,0.030469309800693456,-1.1846083013435653,0.3283323733884674,0.01665862370515617,0.13997622156729855
1688167148.270883,,,,,-1.3310668089306348,0.030469187498417233,-1.184872256358222,0.3277058829657761,0.016760462530199454,0.14086389773387442
1688167148.3042443,,,,,-1.3310388080198285,0.030444617711387734,-1.1853401187913526,0.32694058716795954,0.01684200851468502,0.141932983019091
1688167148.337583,,,,,-1.3310360540542938,0.03044396990769982,-1.1855269020074972,0.32621084344220874,0.017024381062294123,0.14297134200942443
1688167148.3709142,,,,,-1.3310141186224285,0.0304399270776875,-1.1856847282813927,0.32543232620757956,0.01722829468763939,0.1440835547104353
1688167148.4042625,,,,,-1.3310328068459412,0.03044532381983467,-1.1858523866591415,0.32494205515895774,0.017348583482994576,0.144804250407656
1688167148.437601,,,,,-1.3309848589752515,0.030298125409202348,-1.1859141499178563,0.32441768651821745,0.01744211246057373,0.1453555466770505
1688167148.470873,,,,,-1.3310370935665212,0.030331293527417424,-1.186290532838102,0.3237637434859337,0.017570150655974077,0.14637777595978432
1688167148.5042157,,,,,-1.3310864316866704,0.030371922435637022,-1.1864091274594408,0.3232351832259929,0.017748311493672328,0.14721446978102043
1688167148.537546,,,,,-1.3310043929918167,0.030285084434286458,-1.1865197562121161,0.32278778676750725,0.01780879983360237,0.14776081887871825
1688167148.5708864,,,,,-1.3309937604469584,0.03028562566252102,-1.1866497037811876,0.32221124032542653,0.017966974996383375,0.1486260218430622
1688167148.6043246,,,,,-1.3311568276431074,0.030357691130472597,-1.1868554868355985,0.3216090563888796,0.018198626596381138,0.1496343923081385
1688167148.6375642,,,,,-1.3310226305244137,0.03032711746150435,-1.1869684293628815,0.3210377991305112,0.018308033996214366,0.15046895098711824
1688167148.6708784,,,,,-1.3310896584392347,0.0303739202909398,-1.1870582817515578,0.320547368530262,0.018500802181582048,0.15128373426446562
1688167148.7042801,,,,,-1.3310118156201516,0.030325225473007034,-1.1872012895129405,0.31996721894346014,0.018619011860225555,0.15211400007312031
1688167148.737602,,,,,-1.3310218608953364,0.030327577539870143,-1.1874774834964958,0.31948558114620806,0.018702856548283586,0.15288153617100114
1688167148.7708776,,,,,-1.3310044526637939,0.030335122045180463,-1.1875528577264631,0.319097372640022,0.018819430943482218,0.1535011373218114
1688167148.8042326,,,,,-1.3309937573996717,0.030339030275248258,-1.1876843812614986,0.31866791240186637,0.01893250452012021,0.1541873333671083
1688167148.8375666,,,,,-1.3310729109621864,0.030347257041721032,-1.187857791854564,0.3182797718498649,0.019050555666459367,0.15481504855742295
1688167148.870878,,,,,-1.3309989673478289,0.03028671734976779,-1.1877331766233272,0.3178248336481238,0.01922528995776493,0.15542886122878588
1688167148.9042325,,,,,-1.3310437984564263,0.030327412661524333,-1.1875105910472141,0.31746188085580673,0.019490971808116535,0.15603869577115254
1688167148.9375873,,,,,-1.3310073276577599,0.030306222559057683,-1.1873742567964305,0.31699912438882555,0.01970878929432513,0.15672830280037786
1688167148.9708776,,,,,-1.3310074491460855,0.03032500056318288,-1.1872097058614606,0.31654542282194537,0.01996808547249167,0.15746428662728168
1688167149.0042434,,,,,-1.3309960306211979,0.030294175888780528,-1.1871585453391775,0.31592805533843193,0.020227639347911875,0.15840107042532736
1688167149.037546,,,,,-1.3310215089518176,0.030310158868720155,-1.1868858959768374,0.3154047851545729,0.02057782396579626,0.15924017411864924
1688167149.0708895,,,,,-1.3310633057880334,0.03033805411292767,-1.186719903071971,0.31500015604032133,0.02084994408993505,0.15992009280212033
1688167149.1042135,,,,,-1.3309909503394404,0.030324859845728414,-1.1866196766031736,0.31464149439478695,0.021011602787988966,0.1604810019045615
1688167149.137551,,,,,-1.3311043509417289,0.030377882442119863,-1.1863115058892248,0.31430329884499136,0.021362652966991014,0.16107446389708646
1688167149.1709926,,,,,-1.3310337338155989,0.030319180072462232,-1.1855780277028294,0.3137730956099707,0.0218600536856199,0.16177310344351506
1688167149.204224,,,,,-1.3310260623039236,0.03032519178504134,-1.1848980757137753,0.3131909595191993,0.022426049753874754,0.16266486520191487
1688167149.2377534,,,,,-1.3310003311645942,0.030290910191563908,-1.184174382773986,0.3128478155247459,0.02288327400834237,0.16309006010849356
1688167149.2709274,,,,,-1.331083469218335,0.0303422698988976,-1.1834807771829112,0.31233944067789393,0.02350641936176716,0.16392224680908576
1688167149.3043199,,,,,-1.3310662394139672,0.03036783763401696,-1.1829326044161692,0.3119843018510531,0.023939864257256586,0.1644882075734709
1688167149.3376126,,,,,-1.3310889790467635,0.03036910161365891,-1.182315728305502,0.31158509063351764,0.024441526014997172,0.16507214277409374
1688167149.3709083,,,,,-1.3310329453547662,0.030331156287813466,-1.181123867886836,0.3110522538624638,0.025239979619235197,0.16574115651192642
1688167149.4042883,,,,,-1.3309999941830386,0.030301990936497714,-1.1805051386113254,0.3107363210247527,0.025676657681650828,0.16613726667847664
1688167149.4375544,,,,,-1.3310290930855166,0.030298883485866457,-1.17967167967837,0.3104609645705465,0.026248290948097757,0.16646310976085332
1688167149.470913,,,,,-1.331003419375143,0.0302990441716528,-1.1785451792617012,0.3100541027811975,0.027025069247530096,0.16697365493699406
1688167149.504217,,,,,-1.331101982601214,0.030382586568760306,-1.1777923420762006,0.3097474566136271,0.027681307407785488,0.16749181208266714
1688167149.537547,,,,,-1.3310127634408917,0.030304128777794648,-1.1768117227841497,0.3093550261625237,0.028325718804286713,0.16786853332322635
1688167149.5709496,,,,,-1.3310073277486512,0.03029915930720614,-1.175823582893694,0.308851149033086,0.029141985216179226,0.16853854672298035
1688167149.6042385,,,,,-1.3310955948166643,0.03036665605287539,-1.1743799188004502,0.30839412958152346,0.03029092519646273,0.16913689629797887
1688167149.6375964,,,,,-1.3310204723590469,0.03032384121573861,-1.1728603041127645,0.30792753433033837,0.031357930973113075,0.16956326221462006
1688167149.6709685,,,,,-1.3310035358722163,0.030322825116609248,-1.1717695932345618,0.30758869662198834,0.032183389282877235,0.16990809893600017
1688167149.7042532,,,,,-1.3311017093553998,0.030369257872713967,-1.1702392215224293,0.307050652030075,0.033514963568679716,0.17053529413792806
1688167149.7375624,,,,,-1.331091810153971,0.030373000237813974,-1.1687875091769682,0.3064838316288048,0.03476517295367962,0.17116093082005224
1688167149.770943,,,,,-1.3309953989905523,0.030288093976472807,-1.1671303407895852,0.30589704414078017,0.036069393433238534,0.17161676835916995
1688167149.8042917,,,,,-1.331068759321126,0.030336985839037156,-1.1656957951069917,0.30558041025430605,0.03726832898363478,0.17182930955958045
1688167149.8376143,,,,,-1.331078762862632,0.03037279075385188,-1.1637031620931788,0.30516276900824885,0.038873401434343924,0.17201992966388924
1688167149.8708875,,,,,-1.331100643205136,0.0303694650063841,-1.1618487106891937,0.3048378640655751,0.040328543084479584,0.1719842480204139
1688167149.9042253,,,,,-1.331001313766937,0.03030081167459428,-1.1595122616486278,0.304305411422889,0.04217233148811508,0.1720251607329684
1688167149.937571,,,,,-1.3310065434266356,0.03030283534474501,-1.1574761415457877,0.30381900270942225,0.043954478482485314,0.17211765510609137
1688167149.9709404,,,,,-1.3310075069864054,0.03032923718011299,-1.1553113300768212,0.30318664874951684,0.04602376565067533,0.172386193471447
1688167150.004235,,,,,-1.330985529936968,0.030303320799529188,-1.1536137771147166,0.30267734563040444,0.04763795490390781,0.17250305890441217
1688167150.0375447,,,,,-1.3310096908658784,0.03030091062856982,-1.1513751618921464,0.3019148562858518,0.04997672860140611,0.17276452054547337
1688167150.0709615,,,,,-1.3310676611771395,0.03034610068293389,-1.1485172302670532,0.3010965649262904,0.05296016359704621,0.17278592430635806
1688167150.104296,,,,,-1.3310039697475944,0.03030452765624614,-1.1460169013437973,0.30079393066215476,0.055008317479220505,0.17197092127550115
1688167150.1375446,,,,,-1.330987362434045,0.030293348885637783,-1.143035014469225,0.3001556147467016,0.057884615417212744,0.17133511227040685
1688167150.1708848,,,,,-1.331070424933362,0.030337320537016488,-1.139491221017253,0.29944720112932793,0.06145192321776896,0.17032536059379474
1688167150.2042108,,,,,-1.3310976504605065,0.03038036198103261,-1.1366835866114045,0.2989746369184461,0.06418909705103266,0.16926551448756844
1688167150.2375593,,,,,-1.331013437117142,0.030330236796888843,-1.1340366982392367,0.2982192043830698,0.06698928582895257,0.16850973834071878
1688167150.2708864,,,,,-1.331025572498293,0.030331670980495773,-1.1299869244722494,0.2971123464659768,0.07146501236955588,0.1670005539741525
1688167150.3042214,,,,,-1.331074327691336,0.030347066334894812,-1.1262889058035874,0.2960099956330381,0.0757546778215404,0.16538846447897956
1688167150.3375442,,,,,-1.331059001044131,0.030335741072790467,-1.1230029864365132,0.2949915287242531,0.07954825301843564,0.16373216652031983
1688167150.370946,,,,,-1.2420684339568004,-0.020831065343614286,-1.1182121243082848,0.2939172318585389,0.007304267943014007,0.11987053845298416
1688167150.4042144,,,,,-1.2421152518199385,-0.020805587007442075,-1.114823391585566,0.2933035632040606,0.008020681134069658,0.1205177777061656
1688167150.4376066,,,,,-1.2421012688685789,-0.020799038027416145,-1.1115024912024392,0.2924063644085972,0.008805973240605582,0.12146405017354478
1688167150.4709153,,,,,-1.2420743603684392,-0.020839713644125013,-1.1110169233834581,0.29225224524588683,0.008917347828635057,0.121581203232483
1688167150.504261,,,,,-1.2420907953987448,-0.020889274012786993,-1.104756588319558,0.2902333222748287,0.010635506540700017,0.1236564199299875
1688167150.537616,,,,,-1.2421491426996027,-0.02078902797755977,-1.1021572463798208,0.28936166341858754,0.011466404710859378,0.12469149664951232
1688167150.5708942,,,,,-1.2421246048466315,-0.02082860340669747,-1.099337199950349,0.28822979490745904,0.012411818569514446,0.1258598951656437
1688167150.6042197,,,,,-1.2420811824515936,-0.020876598259748372,-1.0964131050733963,0.2866444969731291,0.013557432436656419,0.1275583880658303
1688167150.6377578,,,,,-1.2421407434692706,-0.02078858036089047,-1.0934394266370848,0.2851539976444004,0.014846659451418288,0.12930165072225633
1688167150.6708808,,,,,-1.2420967483949392,-0.020876710495084452,-1.0911959052477023,0.2830883686101667,0.016102452578131643,0.1316097632698798
1688167150.7042205,,,,,-1.242150641693418,-0.020791270924571698,-1.0886939775119344,0.2808953548362988,0.017675634068009965,0.13430306216803387
1688167150.7375448,,,,,-1.242088048350727,-0.020879819421934467,-1.0860643195585977,0.2780313430464335,0.019581020887481215,0.13768599670379805
1688167150.7709274,,,,,-1.2421357940946254,-0.02079603096831463,-1.0841232976257722,0.2746607716184398,0.02174091556029123,0.14212991824441107
1688167150.8042703,,,,,-1.2421004789624628,-0.020870432321191054,-1.0830055821570925,0.27100764133819044,0.023808343453925587,0.14701608220324056
1688167150.8375645,,,,,-1.2421391264823143,-0.020818622719257343,-1.0814008298010922,0.26730917516190317,0.026433900298815687,0.15225047001333913
1688167150.8708875,,,,,-1.2421357543046596,-0.020788123270522527,-1.0797968982642214,0.2634944497058116,0.029388246896448627,0.1578181501002856
1688167150.904291,,,,,-1.242086427699455,-0.02092033396602802,-1.07822600252949,0.2594476006715428,0.032680741495881654,0.1637022681086904
1688167150.937553,,,,,-1.2420973391067305,-0.020872022329055162,-1.0765222168921598,0.2563170220220111,0.03591264197919763,0.16849626818373656
1688167150.9709206,,,,,-1.2420930164401058,-0.02087523261519096,-1.07400715323357,0.253473097112082,0.03968339743779145,0.17255289164876572
1688167151.0042443,,,,,-1.2420858552434195,-0.020927171183434554,-1.0718678855779962,0.25146785983068715,0.042747858047333366,0.1751845022263487
1688167151.0375938,,,,,-1.242083728443082,-0.020890438291158248,-1.068241042759562,0.24961635175509095,0.04699447458541398,0.17705656843847728
1688167151.070933,,,,,-1.2421514581839,-0.02077433458261453,-1.0635020038322043,0.24786986188149912,0.05237552509159108,0.17809662789198658
1688167151.1042607,,,,,-1.242086567620224,-0.020885291404331555,-1.0603223739771777,0.2465697083790736,0.0560303049632342,0.17850490192128932
1688167151.1375928,,,,,-1.2420692740586678,-0.02092345868346103,-1.0567433577969498,0.24543352352220477,0.06005685350889371,0.17829795591134406
1688167151.1708868,,,,,-1.2421215767601246,-0.020785207136490624,-1.053219261080307,0.24487678827491854,0.06370235017387604,0.1771870186313925
1688167151.2042553,,,,,-1.2420825855138569,-0.020858874016144793,-1.0496343590646473,0.24449258864896228,0.06686799239575082,0.17528348637364416
1688167151.2375853,,,,,-1.2420649407114168,-0.020891129959592136,-1.0463352554006686,0.24429357267802926,0.06963152762660703,0.17317341972337394
1688167151.2708817,,,,,-1.2420729942648538,-0.020896330596364296,-1.0437592243237508,0.2442146358615061,0.0717117512356437,0.1713226547637936
1688167151.3042443,,,,,-1.3310567013716814,0.03029154426227243,-1.2249650293651877,0.3436016726157547,0.004728847178710049,0.12179646985804872
1688167151.3375468,,,,,-1.3310949327294261,0.030337263409218607,-1.222477138321853,0.3406130055523915,0.005378109416887787,0.12536322719875126
1688167151.37088,,,,,-1.3310967211185467,0.030332026511315557,-1.2196992442084285,0.3366380046274063,0.006264720748713839,0.13023930575076836
1688167151.4042306,,,,,-1.3309903083169428,0.030266762901136002,-1.216633215329262,0.3325542662596033,0.007331775651928504,0.13541925739197067
1688167151.4376214,,,,,-1.3310049988546568,0.030283080480327296,-1.2145939049521786,0.3296723212232834,0.008189924804338897,0.1393174029836744
1688167151.4709322,,,,,-1.3310068203375136,0.03026473961936771,-1.211625826195376,0.3260102838628682,0.009498034140531693,0.1444051837321403
1688167151.5042691,,,,,-1.3310088512652738,0.030294521681759,-1.2102677353923739,0.3242679076734272,0.010182392364326174,0.1469631040207073
1688167151.5376492,,,,,-1.330978537262937,0.030258340422428837,-1.2081538009386084,0.32126479160868276,0.011381663434223699,0.15137566632985516
1688167151.5709198,,,,,-1.3310160692214252,0.03029624271707687,-1.206197476030855,0.31747678645843624,0.012918201581703299,0.1573364139206977
1688167151.604281,,,,,-1.3310834665715738,0.03034008829907603,-1.2043074949437802,0.3122976497986965,0.015088528076546266,0.16599204291378067
1688167151.6375585,,,,,-1.331020622406786,0.030288519170208417,-1.202382008165681,0.30669131537983957,0.01772885472633551,0.17587087287200723
1688167151.6708963,,,,,-1.3311032277656942,0.030338061443759834,-1.1998577559019552,0.3005021215746338,0.021529224192178092,0.18778379759974204
1688167151.7042167,,,,,-1.3311134857373854,0.03033996933146227,-1.197791431657076,0.29534219853928323,0.025260122021542365,0.19837093364442712
1688167151.7375782,,,,,-1.3310250641877421,0.03029365654461008,-1.195768474004293,0.29142319558799507,0.028723977653892552,0.20669847978392691
1688167151.7709265,,,,,-1.3310799572953171,0.030336835077858337,-1.1928606016610122,0.2865960218651951,0.03414114819565199,0.21757543555510486
1688167151.8042777,,,,,-1.3311612907880173,0.030345405445180884,-1.1903021141764443,0.2834922458272848,0.03869278005922502,0.22459083613693667
1688167151.8375642,,,,,-1.3310382138247838,0.030286801413721948,-1.187532961858203,0.2811742161943781,0.042952948815089785,0.22952300810207768
1688167151.8709333,,,,,-1.3310232444979322,0.030283736779815884,-1.1847745306296475,0.2792584280615695,0.047323123470234055,0.23348707397846227
1688167151.9042273,,,,,-1.3311002521455912,0.030328506720020965,-1.1829059072615336,0.27774403538525383,0.05087917775800534,0.2367696610905144
1688167151.937589,,,,,-1.3310368240193597,0.030284573125851144,-1.1810299611139907,0.27662081776213376,0.0539233065091403,0.23879656625511814
1688167151.9708905,,,,,-1.3310096487782042,0.030258865752147146,-1.178836543105156,0.27578569830460276,0.05710688075251687,0.23986761130017203
1688167152.0042136,,,,,-1.3311095753991211,0.030337553754074376,-1.1757510380102723,0.2742274888697835,0.0626566015032576,0.24240585065243953
1688167152.0375466,,,,,-1.3311111906729438,0.030337617158542163,-1.1718684530532781,0.2723292134269393,0.06977234873027083,0.24485292156794444
1688167152.0709188,,,,,-1.3311108114752586,0.03034158524783004,-1.1682677080759682,0.271061382901861,0.07598054710040594,0.24543117931110328
1688167152.1042824,,,,,-1.3311710723374979,0.030334623405364414,-1.1643935469583004,0.2701104918250291,0.08226287655745539,0.24445995806216383
1688167152.1375794,,,,,-1.331088724649767,0.030316373674121072,-1.1609340751510295,0.2693974770301888,0.08758125677813587,0.24294919534399842
1688167152.1708865,,,,,-1.331043877708708,0.030295282926726258,-1.1585857949535492,0.2694202433697483,0.09022664604925258,0.24052425958974402
1688167152.2043,,,,,-1.3310652958642344,0.030307607956381266,-1.156274568184398,0.26998123090680876,0.09187103199393867,0.23685586658994476
1688167152.237543,,,,,-1.3311102832330715,0.030328386128405882,-1.153559876152599,0.2708171458641273,0.09341654502674121,0.23213633939679598
1688167152.2708833,,,,,-1.331038313103532,0.03029229140626602,-1.1515708334670878,0.27187073600786404,0.09339866913395933,0.22780221296218703
1688167152.3042698,,,,,-1.3310962145075735,0.030298711534661626,-1.1504704650182718,0.27231251037293724,0.09381508380017442,0.22565973331749659
1688167152.3375535,,,,,-1.3310403828086739,0.030284203038712737,-1.1480148101756877,0.2724552493078093,0.09611698040031437,0.2226544861638215
1688167152.3709123,,,,,-1.3310751893520942,0.030304798022184776,-1.1445335357002395,0.27146091188293114,0.10196513129482182,0.2203023074344053
1688167152.404282,,,,,-1.3310862073631915,0.030320738357987015,-1.140758493269786,0.26942985915764145,0.11033720105219165,0.2187783264288701
1688167152.4375503,,,,,-1.3310992158932533,0.030338066591998947,-1.1365992446030642,0.2669061506603158,0.12031957652929075,0.2164941312100497
1688167152.4708784,,,,,-1.2421521331359133,-0.020766961319641425,-1.1325318193514096,0.2651393273271898,0.009019148471657388,0.16001604701328687
1688167152.5042815,,,,,-1.2420924018652941,-0.02087521159927208,-1.1311328895057264,0.2641844528704202,0.009518821480499545,0.16139752569153326
1688167152.5375738,,,,,-1.2422383950297673,-0.021167475858697896,-1.1292164622301242,0.26288622072589274,0.010270174547869068,0.1630388003852837
1688167152.5709171,,,,,-1.2422772366384751,-0.02108349665896317,-1.123146555583974,0.2599084260907454,0.012811654971856955,0.1681186402263383
1688167152.6042168,,,,,-1.2422815268298342,-0.021074481011003746,-1.1188561624774676,0.25696393264435313,0.01515255552475155,0.17321561345793143
1688167152.6376016,,,,,-1.2422725807475694,-0.021085726824118245,-1.11377015035791,0.25307745987344177,0.01854859225828791,0.1801375898647794
1688167152.6709526,,,,,-1.2423177389002589,-0.02106308673036987,-1.1093252886210294,0.24976220565670043,0.022055160229482406,0.18625027234059113
1688167152.7042603,,,,,-1.2422749762684777,-0.02109173491843165,-1.105486079078418,0.24595816724802622,0.02600376516864468,0.1934910851853893
1688167152.737546,,,,,-1.242262664925427,-0.021124137506421156,-1.1018855110210697,0.24276432572431633,0.030050235119762746,0.19962723310085645
1688167152.7709565,,,,,-1.2422674660963373,-0.02109009619152241,-1.097349472078162,0.23828328665696025,0.03639248851954412,0.2086512693554124
1688167152.8042133,,,,,-1.242262006558997,-0.021122517533913213,-1.0933808361505448,0.23421822118095986,0.0429806261586098,0.2168271926154768
1688167152.8375626,,,,,-1.2422866073286933,-0.021068496743540846,-1.0899422542485802,0.23107017593265305,0.049229128292867345,0.22318317404017127
1688167152.8708804,,,,,-1.242266779668047,-0.021079253924609145,-1.085442384327513,0.22786818449125779,0.057211158811028125,0.22885629615878972
1688167152.904211,,,,,-1.2422293581114257,-0.02115651593302563,-1.0802551485316039,0.22469828683963444,0.06673320720816192,0.23336755690183064
1688167152.937624,,,,,-1.2422768290138304,-0.021116483811888354,-1.0760550703841654,0.22245586469994616,0.07494058889770837,0.2357965430776208
1688167152.9708855,,,,,-1.2422908899244636,-0.021077449103309942,-1.0720657137755456,0.22069299482785132,0.08259249839534318,0.23663492933183974
1688167153.004215,,,,,-1.242284726503575,-0.021081293215023597,-1.0692026153359087,0.21937703245125173,0.0883434667226791,0.23688488054215326
1688167153.0376003,,,,,-1.242270187566393,-0.021099155957333138,-1.0655949463090286,0.21781375893523747,0.09561394843165173,0.23643570139167386
1688167153.070882,,,,,-1.242222041037882,-0.021190150871579036,-1.0626269007377624,0.21665846204733696,0.10126283835083107,0.23521673805659116
1688167153.1042953,,,,,-1.2422848832099134,-0.02107023382916169,-1.057726356083891,0.2144436823002222,0.11221519582491198,0.23318416046302493
1688167153.1375675,,,,,-1.242231970451008,-0.02118133497065934,-1.0535299091307784,0.21248516823811692,0.12123889091542384,0.23019792272604817
1688167153.1708815,,,,,-1.2422398519616304,-0.021178730151378902,-1.0488189291353731,0.2098339848212114,0.13284410370145736,0.22632867580421823
1688167153.2042322,,,,,-1.242222979586682,-0.021185715544014133,-1.0427145843805998,0.20735447397163698,0.14493737023549244,0.21786356245473362
1688167153.2376075,,,,,-1.2422746311566215,-0.021101145972974064,-1.0383961283392538,0.20516798230756095,0.15432042617478617,0.21095266586532743
1688167153.270927,,,,,-1.2422837174060226,-0.02109087018857196,-1.0338989274356003,0.2029814462702445,0.16285537864966573,0.20247372304704567
1688167153.3042104,,,,,-1.331166140781526,0.029970122094630014,-1.2271101676133813,0.31957571573876914,0.007148882101642986,0.15411961898228252
1688167153.337618,,,,,-1.3311708955670707,0.029970625367417292,-1.2232897323478547,0.3145285988341596,0.00884579492442333,0.16233504394729287
1688167153.3708856,,,,,-1.3312379110187302,0.029999484968096013,-1.2183405976346604,0.3076481205783703,0.01173089649385278,0.1744885816210458
1688167153.4042122,,,,,-1.3311940290186663,0.029985206252234636,-1.2136803412638977,0.30126666761060206,0.015173887874688362,0.18667744728486738
1688167153.437595,,,,,-1.331256189901316,0.03003155298299276,-1.2092727641360306,0.2955158603808155,0.019266999885830607,0.19862238075316352
1688167153.4709027,,,,,-1.3312679831394474,0.030037631995921688,-1.2056527956205807,0.29104921154503605,0.023228285507080677,0.20838671429022038
1688167153.5042038,,,,,-1.3312351317253925,0.029998369841453043,-1.200625622672744,0.28443574696305474,0.03025359233390712,0.22366358899451197
1688167153.537576,,,,,-1.3312429130911378,0.030017169190578036,-1.196460300947662,0.27902851415112995,0.03758484720546423,0.2370110445421136
1688167153.5709136,,,,,-1.3311792254586665,0.029973232919419557,-1.1916648395035052,0.2731437050900053,0.04757563607249715,0.251918546380996
1688167153.6042132,,,,,-1.3311867012064467,0.02997970081976331,-1.1875683578719265,0.26851753918880744,0.057582261901131894,0.2638340355040144
1688167153.6376455,,,,,-1.3312569470950462,0.030029241557894493,-1.1817841211339144,0.2617043891638686,0.07557463735963778,0.28140232461586845
1688167153.6709294,,,,,-1.3311871364342656,0.02997479060068184,-1.1770185471490238,0.2564435095885834,0.09267145617291052,0.29375344098572287
1688167153.7042131,,,,,-1.3312524258090919,0.030030386095900474,-1.1732582989653715,0.2523443670790402,0.10856819642108335,0.3024684779164661
1688167153.7375479,,,,,-1.3311817642362023,0.02997160499537438,-1.1687055836304296,0.2477228748839532,0.12872919342952577,0.3098774926522924
1688167153.7709134,,,,,-1.3311871638627562,0.029968617925291652,-1.165645330230685,0.24454903256356286,0.143984717814883,0.31359083096470636
1688167153.804213,,,,,-1.331221418815016,0.029986298614019413,-1.1621898129101877,0.24139435507777804,0.1609092459541783,0.31480516407620734
1688167153.837585,,,,,-1.3311826308031012,0.029969321950806788,-1.1604456092245623,0.23946677605243624,0.17081199100224548,0.3155524092857339
1688167153.8709135,,,,,-1.3311609288421418,0.029944176750733298,-1.1577923632493399,0.2369169351158285,0.1848363553751626,0.314496554227465
1688167153.9042199,,,,,-1.3311942916590636,0.029971850552091395,-1.1545826561519859,0.23428010271107305,0.20049659712979484,0.3103893378823939
1688167153.937571,,,,,-1.242278815375954,-0.021101004693726902,-1.1491136567485172,0.22947376513636247,0.012223706954888152,0.23782328128259464
1688167153.9709187,,,,,-1.2422278990435762,-0.021189865918658055,-1.1429478697913118,0.2238863376666398,0.01686847853319095,0.25374275794419904
1688167154.0042572,,,,,-1.242281914902174,-0.021102436827984697,-1.1368110863886742,0.21816037054797333,0.023290731529528236,0.2719015223775487
1688167154.037591,,,,,-1.2422816415701894,-0.02109843463517848,-1.1310819979593405,0.21330592343433114,0.030747245620115014,0.28800039055316157
1688167154.0708888,,,,,-1.2422871517589957,-0.02111189320157153,-1.1245682531516956,0.20837613096021446,0.041148076081843156,0.30485340078933393
1688167154.1042542,,,,,-1.2422770884755687,-0.02110720162422146,-1.1211945520113697,0.2053292329289781,0.04827727007981626,0.3157454476333407
1688167154.1375487,,,,,-1.2422283142502568,-0.02119572396972272,-1.1179919763812627,0.20257984211446423,0.05566052709645335,0.32526653597916694
1688167154.1708777,,,,,-1.242287351862073,-0.02109778749658313,-1.114896049157863,0.20045892182345215,0.06328571632689246,0.33292091720594835
1688167154.20422,,,,,-1.2422696596677345,-0.02114395063349056,-1.111026126660376,0.19784180581081035,0.07349827907340581,0.34142163305973394
1688167154.2375395,,,,,-1.242233021251939,-0.02121051307393397,-1.1088935918530676,0.1960105470156151,0.08036048533160677,0.347434195300064
1688167154.2709472,,,,,-1.2422328488111543,-0.021229948209181976,-1.1061070382386384,0.19385149952471042,0.08981793729886732,0.35428314716851605
1688167154.304329,,,,,-1.2422230013846962,-0.021250624542109284,-1.1029493870762308,0.1920181967659123,0.09995677931793732,0.3589118702674589
1688167154.3375707,,,,,-1.242223037951316,-0.021254104111448416,-1.0995581068359859,0.19015171191674624,0.11149782124829331,0.36279849868754227
1688167154.3709116,,,,,-1.242249588308847,-0.021214806721831778,-1.0960043269772362,0.18773354025603006,0.12616920300454076,0.3679804703627461
1688167154.4042184,,,,,-1.2422302126876763,-0.021204414608816294,-1.0896797405977965,0.183432580089115,0.1547960702159536,0.37365578511087105
1688167154.4376087,,,,,-1.24222522197969,-0.021231799216457015,-1.0844533444616686,0.1800610607451052,0.179793038564737,0.3733956051115738
1688167154.4709435,,,,,-1.2422199726058574,-0.021250061635586348,-1.080011751775033,0.17754678024934606,0.20029405429742841,0.36870405813297824
1688167154.5042825,,,,,-1.2422358564509173,-0.02120945582874474,-1.0750499914325042,0.1745796837395696,0.2242807891295603,0.36021284807653264
1688167154.5376341,,,,,-1.2422704431092557,-0.021130559580744182,-1.070673125782383,0.17200201234477147,0.244823631441619,0.34905062937558545
1688167154.5708928,,,,,-1.2419233209782228,-0.021653562313624752,-1.0658174448199487,0.1690004742579715,0.2631756939325765,0.3339352371542414
1688167154.6042526,,,,,-1.2420024882580576,-0.021594659124051743,-1.0573688921054816,0.16433137635181488,0.2917873597080447,0.29795790703981534
1688167154.6376069,,,,,-1.2419486328556304,-0.021618536862581403,-1.0515766499857362,0.1608643936312274,0.30621333829026975,0.26970049515685135
1688167154.6709023,,,,,-1.2419328584088618,-0.021669478616079832,-1.0435794383343795,0.15647536160124043,0.31526636625605686,0.22839064220140887
1688167154.7042449,,,,,-1.241993194981199,-0.02153461784985472,-1.0363284275425637,0.15255004882154405,0.3152913386262499,0.19121145437005596
1688167154.7376058,,,,,-1.2419723810209953,-0.02160711157509558,-1.030838078624325,0.15015261941968833,0.30902679085266926,0.16637336199373565
1688167154.7708862,,,,,-1.2419407401991769,-0.021638685343300976,-1.0233316305297095,0.14629727661168812,0.2978744380737151,0.13503911668609023
1688167154.8042166,,,,,-1.2419451306480787,-0.021611987644887823,-1.0157884003200557,0.14260834901205027,0.2828625568712684,0.10829981805812955
1688167154.8376544,,,,,-1.3309003251669385,0.029542719770016934,-1.2006851206081501,0.27724561412327586,0.03511886104260439,0.24174003119865572
1688167154.870878,,,,,-1.3309164817704564,0.029541372096936802,-1.1917053488600096,0.26950162674404343,0.051067973663382685,0.26154394175496126
1688167154.9042635,,,,,-1.3309051810304606,0.029548520366231512,-1.1855894555576552,0.2637857612286996,0.06593801439186145,0.2761632296361288
1688167154.9375777,,,,,-1.3308893880213744,0.02954329150739249,-1.1763623911972894,0.25632898811100163,0.0924929051380527,0.29237639559572753
1688167154.970878,,,,,-1.3308874858279232,0.029538682194645005,-1.1690866872328067,0.2503402264684569,0.11874663142430575,0.30177665167134804
1688167155.004213,,,,,-1.330896760440437,0.029541519998389387,-1.163126238348324,0.24529404862809756,0.1438394519942208,0.30591356475714915
1688167155.037547,,,,,-1.3308985739498702,0.029547908855031446,-1.1559068563964945,0.2398293999008692,0.17454769685329355,0.3028759467943198
1688167155.0708847,,,,,-1.2419500074544558,-0.02162036888372984,-1.1482852777714898,0.23321010817107357,0.011229558789192289,0.2261458084387702
1688167155.1042492,,,,,-1.2419693047073537,-0.021594336142864143,-1.1426456284900475,0.22892157943131963,0.014814089948720618,0.23769639098334827
1688167155.13755,,,,,-1.241964876567002,-0.02161593434927392,-1.1342729638386428,0.22209862979430484,0.022194819683010902,0.2572449146795929
1688167155.170915,,,,,-1.2420608572807659,-0.02150115743894962,-1.1255069657336942,0.21580347987899087,0.032802027659136396,0.27684649553333135
1688167155.204213,,,,,-1.2419616281632027,-0.02162610521219173,-1.1168228166988066,0.21036234917038052,0.04602786341565236,0.2932539377517751
1688167155.2375872,,,,,-1.2419663003134138,-0.021608866027413312,-1.1067522871039048,0.20457454816478102,0.06624143000745558,0.3100607950961166
1688167155.2708833,,,,,-1.242001458500978,-0.021523680265396986,-1.0950048947830777,0.19743051361315672,0.09907521586654651,0.32741855243341444
1688167155.3042138,,,,,-1.2419949354021473,-0.02153610090749382,-1.0857010135114593,0.1913080289225253,0.13317378086835463,0.3363392051041344
1688167155.3375785,,,,,-1.242013453506277,-0.02159079484524666,-1.0787838290603473,0.18703911610501378,0.16094129320290554,0.33604718402082473
1688167155.3709025,,,,,-1.2420079192958222,-0.021530794731208988,-1.0715625832785656,0.181705079040397,0.19556615772136685,0.33154268062064074
1688167155.4043105,,,,,-1.2419373085938465,-0.021635888790983465,-1.0639382903926016,0.1767640134931996,0.22800450791879392,0.31572936402343466
1688167155.437572,,,,,-1.2419658655135746,-0.021611715115025826,-1.0581481325684077,0.17260451015790348,0.25260074025386847,0.2979400795398956
1688167155.4709222,,,,,-1.2419499307708066,-0.021658861389229525,-1.0521036720971286,0.1689749310714586,0.27073788789719777,0.2741211665557741
1688167155.5042756,,,,,-1.2419586090037897,-0.021634455139795825,-1.042446014555083,0.16440008263750036,0.28504251827943666,0.23108908677720782
1688167155.5376441,,,,,-1.2419567112309924,-0.021627133517794495,-1.0285327125289776,0.15735754542493746,0.286305445182066,0.1688680238969585
1688167155.570962,,,,,-1.2420106751494429,-0.021526284336963422,-1.016739914515814,0.15193346884918466,0.27156616900942604,0.12398163567764711
1688167155.6042361,,,,,-1.2420102670884878,-0.021533716875021675,-1.0050924050941266,0.14645813922311612,0.25029758602043606,0.08923350095390149
1688167155.6376073,,,,,-1.2419701385360464,-0.02161482089918247,-0.9955964500423142,0.14249609059230545,0.23070668644324746,0.06818511512829793
1688167155.670903,,,,,-1.2420124757340278,-0.021525157442791626,-0.9830527581524395,0.13740626342304452,0.2050717323947855,0.04740656193496414
1688167155.7042215,,,,,-1.2419630876162202,-0.021613622485152154,-0.9740846210656089,0.13383417458417643,0.18798555203020195,0.03673370846659046
1688167155.7375793,,,,,-1.2419653567688844,-0.021618497190498964,-0.962280408819182,0.12999047864385416,0.16723375413743638,0.02663737338551852
1688167155.7709355,,,,,-1.2419875710040122,-0.02156593602803472,-0.9531580183287037,0.1276909801425111,0.1527898091621288,0.021084965683572474
1688167155.804265,,,,,-1.2419933610218377,-0.021537058634823456,-0.9429384590961027,0.12608796704871142,0.13826759315781703,0.016632119057357862
1688167155.8375735,,,,,-1.2419716676636199,-0.021610493647178014,-0.9345804341009056,0.1250319052272614,0.1276581649442477,0.013859668200504868
1688167155.870945,,,,,-1.2419567214267695,-0.021616240210148754,-0.9229027398280631,0.12320607018047336,0.11450849197317521,0.010709066217008317
1688167155.9042113,,,,,-1.2420155938765853,-0.021516069272480856,-0.9097354998376056,0.12068641848852021,0.10163406071123968,0.007966139115740211
1688167155.9375439,,,,,-1.2419703127843091,-0.021601376191735452,-0.9004215074714184,0.11906987761889373,0.09369991715836551,0.0065463160723773445
1688167155.9708798,,,,,-1.2419611297914397,-0.021646917161817603,-0.8879876147996335,0.11793536577849797,0.0842694405273835,0.005167121773898441
1688167156.0042152,,,,,-1.2420239283536305,-0.02149477107977786,-0.8793551086158701,0.11707671148305285,0.07840292809748181,0.0043734404361970465
1688167156.037545,,,,,-1.241974866500475,-0.021598588911327918,-0.8679210439517242,0.1170813021592016,0.07149628597789057,0.003643524262259097
1688167156.0709383,,,,,-1.2420612032010248,-0.021490000325920397,-0.8590336173506266,0.11729437355762523,0.06661014465823038,0.0031686329098889916
1688167156.104219,,,,,-1.2420015116807057,-0.02151616143279024,-0.8505536701365093,0.11782420769265814,0.06241771751727861,0.0028152505071119237
1688167156.1375525,,,,,-1.241964349777741,-0.02160348619371505,-0.8438509836285111,0.11904407133505837,0.059340110633620144,0.0026165236195350395
1688167156.1709294,,,,,-1.2420163885341395,-0.021496868069478217,-0.8359863913693151,0.11999316813177804,0.055944946065300996,0.0023673587302003108
1688167156.204271,,,,,-1.2419571711780737,-0.021597818085239653,-0.8273700674342023,0.1207498103454066,0.05255982080285741,0.0021274394969493567
1688167156.2375515,,,,,-1.2419511443663607,-0.02159441767827021,-0.8215608555487979,0.12188319342537426,0.050415991110122384,0.002004299855648456
1688167156.270912,,,,,-1.2419568511222483,-0.021593949740116164,-0.8143527842564529,0.12274075413260094,0.04791206065123045,0.0018426025389842021
1688167156.3042123,,,,,-1.2420031015568063,-0.02157007382584869,-0.8071030387451259,0.1239370121290177,0.04554440286053373,0.0017057643398996237
1688167156.3375728,,,,,-1.2419405315080692,-0.021639253496965286,-0.8013481451400604,0.12429608800554343,0.04380544645669267,0.001591836955571796
1688167156.3709736,,,,,-1.241995208105014,-0.021521814635495864,-0.7940587141359496,0.12430700856207211,0.04169136251310539,0.001438556298064211
1688167156.4042902,,,,,-1.2420007344901718,-0.021506746734089754,-0.7853418375107497,0.12339040400224344,0.039354414014000486,0.001257179286470403
1688167156.4375474,,,,,-1.2419969521554879,-0.02154325489135668,-0.7782404656240008,0.12226342167940521,0.037579954464784,0.0011205297905526623
1688167156.470957,,,,,-1.2419424514393234,-0.021644775300346072,-0.7709222360555521,0.1212086734580834,0.0358720087691266,0.0010007123179359091
1688167156.5043013,,,,,-1.2419354255665498,-0.021641825491803893,-0.7624878719235932,0.12066273768309616,0.03401668895419053,0.0008894574916099352
1688167156.53761,,,,,-1.2419268785328759,-0.021649932027275928,-0.7565641057157472,0.12095318609531513,0.03278940453085796,0.0008316128781773989
1688167156.5709798,,,,,-1.2420085736001036,-0.021480083096551278,-0.749535079697883,0.12090660672887271,0.0313913496247458,0.0007586991318648304
1688167156.604457,,,,,-1.2419442016852396,-0.021596613810685505,-0.7464500155680107,0.12094357918713267,0.030821262874169312,0.0007337477252881397
1688167156.6375487,,,,,-1.2418569789739413,-0.021781688542843694,-0.7418497386539782,0.12091914670238557,0.02999498746875408,0.0006972673839087236
1688167156.670885,,,,,,,,,0.0,0.0
1688167156.7042155,,,,,,,,,0.0,0.0
1688167156.737548,,,,,,,,,0.0,0.0
1688167156.7709448,,,,,-1.2066100132556214,-0.11815991343011291,-0.7061940616837279,0.11604931091439549,0.02962632464332617,0.003037360421906287
1688167156.804213,,,,,,,,,0.0,0.0
1688167156.837607,,,,,,,,,0.0,0.0
1688167156.8708832,,,,,,,,,0.0,0.0
1688167156.9042528,,,,,,,,,0.0,0.0
1688167156.9376123,,,,,,,,,0.0,0.0
1688167156.9708798,,,,,,,,,0.0,0.0
1688167157.0042796,,,,,,,,,0.0,0.0
1688167157.037551,,,,,,,,,0.0,0.0
1688167157.0708954,,,,,,,,,0.0,0.0
1688167157.1042151,,,,,,,,,0.0,0.0
1688167157.1375477,,,,,,,,,0.0,0.0
1688167157.1708803,,,,,,,,,0.0,0.0
1688167157.204279,,,,,,,,,0.0,0.0
1688167157.2376673,,,,,,,,,0.0,0.0
1688167157.270882,,,,,,,,,0.0,0.0
1688167157.3042321,,,,,,,,,0.0,0.0
1688167157.337612,,,,,,,,,0.0,0.0
1688167157.3708851,,,,,,,,,0.0,0.0
1688167157.4043174,,,,,,,,,0.0,0.0
1688167157.4375486,,,,,,,,,0.0,0.0
1688167157.4709232,,,,,,,,,0.0,0.0
1688167157.5042145,,,,,,,,,0.0,0.0
1688167157.5375445,,,,,,,,,0.0,0.0
1688167157.5709445,,,,,,,,,0.0,0.0
1688167157.6042418,,,,,,,,,0.0,0.0
1688167157.637616,,,,,,,,,0.0,0.0
1688167157.670946,,,,,,,,,0.0,0.0
1688167157.7042167,,,,,,,,,0.0,0.0
1688167157.737549,,,,,,,,,0.0,0.0
1688167157.7709563,,,,,,,,,0.0,0.0
1688167157.8042114,,,,,,,,,0.0,0.0
1688167157.8376136,,,,,,,,,0.0,0.0
1688167157.8710003,,,,,,,,,0.0,0.0
1688167157.9042156,,,,,,,,,0.0,0.0
1688167157.9375973,,,,,,,,,0.0,0.0
1688167157.970972,,,,,,,,,0.0,0.0
1688167158.0042832,,,,,,,,,0.0,0.0
1688167158.0375829,,,,,,,,,0.0,0.0
1688167158.0708907,,,,,,,,,0.0,0.0
1688167158.1042297,,,,,,,,,0.0,0.0
1688167158.1375546,,,,,,,,,0.0,0.0
1688167158.170957,,,,,,,,,0.0,0.0
1688167158.204216,,,,,,,,,0.0,0.0
1688167158.237614,,,,,,,,,0.0,0.0
1688167158.2709298,,,,,,,,,0.0,0.0
1688167158.3042452,,,,,,,,,0.0,0.0
1688167158.3375752,,,,,,,,,0.0,0.0
1688167158.37088,,,,,,,,,0.0,0.0
1688167158.4042804,,,,,,,,,0.0,0.0
1688167158.437542,,,,,,,,,0.0,0.0
1688167158.470882,,,,,,,,,0.0,0.0
1688167158.5042617,,,,,,,,,0.0,0.0
1688167158.5375476,,,,,,,,,0.0,0.0
1688167158.570886,,,,,,,,,0.0,0.0
1688167158.6042163,,,,,,,,,0.0,0.0
1688167158.6375673,,,,,,,,,0.0,0.0
1688167158.6709218,,,,,,,,,0.0,0.0
1688167158.704245,,,,,,,,,0.0,0.0
1688167158.737562,,,,,,,,,0.0,0.0
1688167158.7709894,,,,,,,,,0.0,0.0
1688167158.8042805,,,,,,,,,0.0,0.0
1688167158.837562,,,,,,,,,0.0,0.0
1688167158.8708873,,,,,,,,,0.0,0.0
1688167158.904259,,,,,,,,,0.0,0.0
1688167158.9375558,,,,,,,,,0.0,0.0
1688167158.9709327,,,,,,,,,0.0,0.0
1688167159.0043032,,,,,,,,,0.0,0.0
1688167159.0375519,,,,,,,,,0.0,0.0
1688167159.0708692,,,,,,,,,0.0,0.0
1688167159.1042871,,,,,,,,,0.0,0.0
1688167159.137553,,,,,,,,,0.0,0.0
1688167159.1709437,,,,,,,,,0.0,0.0
1688167159.2042148,,,,,,,,,0.0,0.0
1688167159.237561,,,,,,,,,0.0,0.0
1688167159.2709458,,,,,,,,,0.0,0.0
1688167159.3042738,,,,,,,,,0.0,0.0
1688167159.337652,,,,,,,,,0.0,0.0
1688167159.3708858,,,,,,,,,0.0,0.0
1688167159.4042277,,,,,,,,,0.0,0.0
1688167159.4375453,,,,,,,,,0.0,0.0
1688167159.4709356,,,,,,,,,0.0,0.0
1688167159.5042744,,,,,,,,,0.0,0.0
1688167159.5376227,,,,,,,,,0.0,0.0
1688167159.5708814,,,,,,,,,0.0,0.0
1688167159.6042607,,,,,,,,,0.0,0.0
1688167159.6375518,,,,,,,,,0.0,0.0
1688167159.67091,,,,,,,,,0.0,0.0
1688167159.704278,,,,,,,,,0.0,0.0
1688167159.7375898,,,,,,,,,0.0,0.0
1688167159.7709196,,,,,,,,,0.0,0.0
1688167159.8042645,,,,,,,,,0.0,0.0
1688167159.8376865,,,,,,,,,0.0,0.0
1688167159.8708882,,,,,,,,,0.0,0.0
1688167159.9042304,,,,,,,,,0.0,0.0
1688167159.937546,,,,,,,,,0.0,0.0
1688167159.970881,,,,,,,,,0.0,0.0
1688167160.004218,,,,,,,,,0.0,0.0
1688167160.03756,,,,,,,,,0.0,0.0
1688167160.07088,,,,,,,,,0.0,0.0
1688167160.104214,,,,,,,,,0.0,0.0
1688167160.1376064,,,,,,,,,0.0,0.0
1688167160.170919,,,,,,,,,0.0,0.0
1688167160.2042177,,,,,,,,,0.0,0.0
1688167160.2375937,,,,,,,,,0.0,0.0
1688167160.270881,,,,,,,,,0.0,0.0
1688167160.3042638,,,,,,,,,0.0,0.0
1688167160.3375468,,,,,,,,,0.0,0.0
1688167160.3708806,,,,,,,,,0.0,0.0
1688167160.4042134,,,,,,,,,0.0,0.0
1688167160.4375465,,,,,,,,,0.0,0.0
1688167160.47093,,,,,,,,,0.0,0.0
1688167160.50426,,,,,,,,,0.0,0.0
1688167160.5376115,,,,,,,,,0.0,0.0
1688167160.5708783,,,,,,,,,0.0,0.0
1688167160.6042194,,,,,,,,,0.0,0.0
1688167160.6375382,,,,,,,,,0.0,0.0
1688167160.6709146,,,,,,,,,0.0,0.0
1688167160.7043061,,,,,,,,,0.0,0.0
1688167160.737555,,,,,,,,,0.0,0.0
1688167160.7709243,,,,,,,,,0.0,0.0
1688167160.804213,,,,,,,,,0.0,0.0
1688167160.8376002,,,,,,,,,0.0,0.0
1688167160.8709798,,,,,,,,,0.0,0.0
1688167160.9042852,,,,,,,,,0.0,0.0
1688167160.9376059,,,,,,,,,0.0,0.0
1688167160.9708853,,,,,,,,,0.0,0.0
1688167161.0042152,,,,,,,,,0.0,0.0
1688167161.0375845,,,,,,,,,0.0,0.0
1688167161.0709274,,,,,,,,,0.0,0.0
1688167161.104285,,,,,,,,,0.0,0.0
1688167161.1375918,,,,,,,,,0.0,0.0
1688167161.1709228,,,,,,,,,0.0,0.0
1688167161.2042806,,,,,,,,,0.0,0.0
1688167161.2375984,,,,,,,,,0.0,0.0
1688167161.2709012,,,,,,,,,0.0,0.0
1688167161.3042822,,,,,,,,,0.0,0.0
1688167161.3376136,,,,,,,,,0.0,0.0
1688167161.3708918,,,,,,,,,0.0,0.0
1688167161.404217,,,,,,,,,0.0,0.0
1688167161.437617,,,,,,,,,0.0,0.0
1688167161.4709444,,,,,,,,,0.0,0.0
1688167161.5043108,,,,,,,,,0.0,0.0
1688167161.5376198,,,,,,,,,0.0,0.0
1688167161.5710108,,,,,,,,,0.0,0.0
1688167161.6042342,,,,,,,,,0.0,0.0
1688167161.6375656,,,,,,,,,0.0,0.0
1688167161.6709754,,,,,,,,,0.0,0.0
1688167161.7042797,,,,,,,,,0.0,0.0
1688167161.73755,,,,,,,,,0.0,0.0
1688167161.7709455,,,,,,,,,0.0,0.0
1688167161.804283,,,,,,,,,0.0,0.0
1688167161.8375888,,,,,,,,,0.0,0.0
1688167161.8708832,,,,,,,,,0.0,0.0
1688167161.9042819,,,,,,,,,0.0,0.0
1688167161.9376183,,,,,,,,,0.0,0.0
1688167161.9708834,,,,,,,,,0.0,0.0
1688167162.0042813,,,,,,,,,0.0,0.0
1688167162.0375984,,,,,,,,,0.0,0.0
1688167162.0709565,,,,,,,,,0.0,0.0
1688167162.104223,,,,,,,,,0.0,0.0
1688167162.1375582,,,,,,,,,0.0,0.0
1688167162.1709855,,,,,,,,,0.0,0.0
1688167162.2042713,,,,,,,,,0.0,0.0
1688167162.2375512,,,,,,,,,0.0,0.0
1688167162.270991,,,,,,,,,0.0,0.0
1688167162.3042216,,,,,,,,,0.0,0.0
1688167162.3375459,,,,,,,,,0.0,0.0
1688167162.3709216,,,,,,,,,0.0,0.0
1688167162.4042168,,,,,,,,,0.0,0.0
1688167162.4375474,,,,,,,,,0.0,0.0
1688167162.4709249,,,,,,,,,0.0,0.0
1688167162.5042725,,,,,,,,,0.0,0.0
1688167162.5375524,,,,,,,,,0.0,0.0
1688167162.570878,,,,,,,,,0.0,0.0
1688167162.604219,,,,,,,,,0.0,0.0
1688167162.6376023,,,,,,,,,0.0,0.0
1688167162.6709552,,,,,,,,,0.0,0.0
1688167162.7043374,,,,,,,,,0.0,0.0
1688167162.7375784,,,,,,,,,0.0,0.0
1688167162.7709293,,,,,,,,,0.0,0.0
1688167162.8042855,,,,,,,,,0.0,0.0
1688167162.8375914,,,,,,,,,0.0,0.0
1688167162.8708806,,,,,,,,,0.0,0.0
1688167162.9042108,,,,,,,,,0.0,0.0
1688167162.9376342,,,,,,,,,0.0,0.0
1688167162.9708815,,,,,,,,,0.0,0.0
1688167163.0042117,,,,,,,,,0.0,0.0
1688167163.0375896,,,,,,,,,0.0,0.0
1688167163.0709355,,,,,,,,,0.0,0.0
1688167163.104256,,,,,,,,,0.0,0.0
1688167163.137588,,,,,,,,,0.0,0.0
1688167163.1708744,,,,,,,,,0.0,0.0
1688167163.204258,,,,,,,,,0.0,0.0
1688167163.2376122,,,,,,,,,0.0,0.0
1688167163.2709186,,,,,,,,,0.0,0.0
1688167163.3042135,,,,,,,,,0.0,0.0
1688167163.3375885,,,,,,,,,0.0,0.0
1688167163.3708944,,,,,,,,,0.0,0.0
1688167163.404257,,,,,,,,,0.0,0.0
1688167163.4375927,,,,,,,,,0.0,0.0
1688167163.4708817,,,,,,,,,0.0,0.0
1688167163.5042112,,,,,,,,,0.0,0.0
1688167163.5375848,,,,,,,,,0.0,0.0
1688167163.5709941,,,,,,,,,0.0,0.0
1688167163.6042576,,,,,,,,,0.0,0.0
1688167163.6375947,,,,,,,,,0.0,0.0
1688167163.6708872,,,,,,,,,0.0,0.0
1688167163.7042866,,,,,,,,,0.0,0.0
1688167163.7376003,,,,,,,,,0.0,0.0
1688167163.7709255,,,,,,,,,0.0,0.0
1688167163.8042133,,,,,,,,,0.0,0.0
1688167163.8375452,,,,,,,,,0.0,0.0
1688167163.8708792,,,,,,,,,0.0,0.0